{"count":1,"self":6358.454272,"total":69562.1786188,"children":{"InitializeActuators":{"count":2655,"self":0.019780199999999998,"total":0.019780199999999998,"children":null},"InitializeSensors":{"count":2655,"self":1.3198566,"total":1.3198566,"children":null},"AgentSendState":{"count":1733609,"self":2146.403328,"total":3275.9664475,"children":{"CollectObservations":{"count":1733609,"self":31.344144,"total":31.344144099999998,"children":null},"WriteActionMask":{"count":1733609,"self":1.065404,"total":1.065404,"children":null},"RequestDecision":{"count":1733609,"self":3.2331876,"total":1097.1536535999999,"children":{"AgentInfo.ToProto":{"count":1733609,"self":7.3824296,"total":1093.9204660999999,"children":{"GenerateSensorData":{"count":1733609,"self":85.2208192,"total":1086.5380361999999,"children":{"RayPerceptionSensor.Perceive":{"count":3467218,"self":3.3411451999999997,"total":3.3411451999999997,"children":null},"RenderTextureSensor.GetCompressedObservation":{"count":1733609,"self":997.976064,"total":997.97607229999994,"children":null}}}}}}}}},"DecideAction":{"count":1733609,"self":59919.663104,"total":59919.663366299996,"children":null},"AgentAct":{"count":1733609,"self":3.9041031999999998,"total":3.9041031,"children":null},"AgentInfo.ToProto":{"count":4372,"self":0.021270999999999998,"total":2.8488249999999997,"children":{"GenerateSensorData":{"count":4372,"self":0.1534285,"total":2.8275539999999997,"children":{"RayPerceptionSensor.Perceive":{"count":8744,"self":0.0121367,"total":0.0121367,"children":null},"RenderTextureSensor.GetCompressedObservation":{"count":4372,"self":2.6619888,"total":2.6619888,"children":null}}}}}},"gauges":{"FoxAgent.CumulativeReward":{"count":2508,"max":1972.77136,"min":-794.3256,"runningAverage":414.618958,"value":23.8291931,"weightedAverage":221.354538}},"metadata":{"timer_format_version":"0.1.0","start_time_seconds":"1762045901","unity_version":"6000.0.60f1","command_line_arguments":"Y:\\Drive\\My_Drive\\folder\\UU\\Ai_for_games_proj\\Python\\Train_build\\Ai_game_project.exe --mlagents-port 7007 -logFile Y:\\Drive\\My_Drive\\folder\\UU\\Ai_for_games_proj\\Python\\results\\fox6_par3_exploit_ft\\run_logs\\Player-2.log --fps=80 --quality=VeryLow -screen-fullscreen 0 -popupwindow -screen-width 640 -screen-height 360","communication_protocol_version":"1.5.0","com.unity.ml-agents_version":"4.0.0","scene_name":"Level 3","end_time_seconds":"1762115463"}}