{
    "name": "root",
    "gauges": {
        "FoxAgent.Policy.Entropy.mean": {
            "value": 3.7694649696350098,
            "min": 3.761166572570801,
            "max": 4.27665901184082,
            "count": 180
        },
        "FoxAgent.Policy.Entropy.sum": {
            "value": 37770.0390625,
            "min": 37564.37890625,
            "max": 43067.0703125,
            "count": 180
        },
        "FoxAgent.Step.mean": {
            "value": 1929980.0,
            "min": 139911.0,
            "max": 1929980.0,
            "count": 180
        },
        "FoxAgent.Step.sum": {
            "value": 1929980.0,
            "min": 139911.0,
            "max": 1929980.0,
            "count": 180
        },
        "FoxAgent.Policy.ExtrinsicValueEstimate.mean": {
            "value": 51.55320739746094,
            "min": -0.006055058445781469,
            "max": 53.16375732421875,
            "count": 180
        },
        "FoxAgent.Policy.ExtrinsicValueEstimate.sum": {
            "value": 20879.048828125,
            "min": -0.7205519676208496,
            "max": 21614.49609375,
            "count": 180
        },
        "FoxAgent.Environment.EpisodeLength.mean": {
            "value": 23.74074074074074,
            "min": 21.91743119266055,
            "max": 269.575,
            "count": 180
        },
        "FoxAgent.Environment.EpisodeLength.sum": {
            "value": 9615.0,
            "min": 7991.0,
            "max": 10783.0,
            "count": 180
        },
        "FoxAgent.Environment.CumulativeReward.mean": {
            "value": 62.815120795977954,
            "min": 51.31104565635767,
            "max": 65.10069648538114,
            "count": 180
        },
        "FoxAgent.Environment.CumulativeReward.sum": {
            "value": 25440.123922371073,
            "min": 2073.412495066528,
            "max": 26350.227438358823,
            "count": 180
        },
        "FoxAgent.Policy.ExtrinsicReward.mean": {
            "value": 62.815120795977954,
            "min": 51.31104565635767,
            "max": 65.10069648538114,
            "count": 180
        },
        "FoxAgent.Policy.ExtrinsicReward.sum": {
            "value": 25440.123922371073,
            "min": 2073.412495066528,
            "max": 26350.227438358823,
            "count": 180
        },
        "FoxAgent.IsTraining.mean": {
            "value": 1.0,
            "min": 1.0,
            "max": 1.0,
            "count": 180
        },
        "FoxAgent.IsTraining.sum": {
            "value": 1.0,
            "min": 1.0,
            "max": 1.0,
            "count": 180
        },
        "FoxAgent.Losses.PolicyLoss.mean": {
            "value": 0.012047990542365975,
            "min": 0.011690528728043622,
            "max": 0.013881869646562942,
            "count": 13
        },
        "FoxAgent.Losses.PolicyLoss.sum": {
            "value": 0.012047990542365975,
            "min": 0.011690528728043622,
            "max": 0.013881869646562942,
            "count": 13
        },
        "FoxAgent.Losses.ValueLoss.mean": {
            "value": 10.237514620025953,
            "min": 10.237514620025953,
            "max": 197.40018924077353,
            "count": 13
        },
        "FoxAgent.Losses.ValueLoss.sum": {
            "value": 10.237514620025953,
            "min": 10.237514620025953,
            "max": 197.40018924077353,
            "count": 13
        },
        "FoxAgent.Policy.LearningRate.mean": {
            "value": 0.00018986493671170002,
            "min": 0.00018986493671170002,
            "max": 0.00028426326524558004,
            "count": 13
        },
        "FoxAgent.Policy.LearningRate.sum": {
            "value": 0.00018986493671170002,
            "min": 0.00018986493671170002,
            "max": 0.00028426326524558004,
            "count": 13
        },
        "FoxAgent.Policy.Epsilon.mean": {
            "value": 0.16328830000000003,
            "min": 0.16328830000000003,
            "max": 0.19475442,
            "count": 13
        },
        "FoxAgent.Policy.Epsilon.sum": {
            "value": 0.16328830000000003,
            "min": 0.16328830000000003,
            "max": 0.19475442,
            "count": 13
        },
        "FoxAgent.Policy.Beta.mean": {
            "value": 0.0031680861700000003,
            "min": 0.0031680861700000003,
            "max": 0.0047382455580000015,
            "count": 13
        },
        "FoxAgent.Policy.Beta.sum": {
            "value": 0.0031680861700000003,
            "min": 0.0031680861700000003,
            "max": 0.0047382455580000015,
            "count": 13
        }
    },
    "metadata": {
        "timer_format_version": "0.1.0",
        "start_time_seconds": "1761259118",
        "python_version": "3.10.12 | packaged by Anaconda, Inc. | (main, Jul  5 2023, 19:01:18) [MSC v.1916 64 bit (AMD64)]",
        "command_line_arguments": "C:\\Users\\cemka\\anaconda3\\envs\\mlagents\\Scripts\\mlagents-learn fox.yaml --run-id=fox_v5 --resume",
        "mlagents_version": "1.1.0",
        "mlagents_envs_version": "1.1.0",
        "communication_protocol_version": "1.5.0",
        "pytorch_version": "2.5.1+cu121",
        "numpy_version": "1.23.5",
        "end_time_seconds": "1761302505"
    },
    "total": 43389.232479,
    "count": 1,
    "self": 0.007190099997387733,
    "children": {
        "run_training.setup": {
            "total": 0.10843759999988833,
            "count": 1,
            "self": 0.10843759999988833
        },
        "TrainerController.start_learning": {
            "total": 43389.1168513,
            "count": 1,
            "self": 31.04770029478823,
            "children": {
                "TrainerController._reset_env": {
                    "total": 42.14159010000003,
                    "count": 1,
                    "self": 42.14159010000003
                },
                "TrainerController.advance": {
                    "total": 43315.37698790521,
                    "count": 1848721,
                    "self": 27.110464707482606,
                    "children": {
                        "env_step": {
                            "total": 40912.67092809835,
                            "count": 1848721,
                            "self": 24074.09665299392,
                            "children": {
                                "SubprocessEnvManager._take_step": {
                                    "total": 16809.451880198525,
                                    "count": 1848721,
                                    "self": 76.28606739619136,
                                    "children": {
                                        "TorchPolicy.evaluate": {
                                            "total": 16733.165812802334,
                                            "count": 1805238,
                                            "self": 16733.165812802334
                                        }
                                    }
                                },
                                "workers": {
                                    "total": 29.122394905902638,
                                    "count": 1848720,
                                    "self": 0.0,
                                    "children": {
                                        "worker_root": {
                                            "total": 43230.06344639872,
                                            "count": 1848720,
                                            "is_parallel": true,
                                            "self": 22128.055412398342,
                                            "children": {
                                                "steps_from_proto": {
                                                    "total": 0.03494430000000648,
                                                    "count": 1,
                                                    "is_parallel": true,