{"count":1,"self":461.05538559999997,"total":3221.2207700999998,"children":{"InitializeActuators":{"count":423,"self":0.011686799999999999,"total":0.011686799999999999,"children":null},"InitializeSensors":{"count":423,"self":0.0690949,"total":0.0690949,"children":null},"AgentSendState":{"count":655559,"self":364.14878719999996,"total":387.4824168,"children":{"CollectObservations":{"count":131112,"self":4.6243896,"total":4.6243897999999994,"children":null},"WriteActionMask":{"count":131112,"self":0.17267259999999998,"total":0.17267259999999998,"children":null},"RequestDecision":{"count":131112,"self":0.9717753,"total":18.536562999999997,"children":{"AgentInfo.ToProto":{"count":131112,"self":0.61736099999999994,"total":17.5647877,"children":{"GenerateSensorData":{"count":131112,"self":3.1500139999999996,"total":16.947426699999998,"children":{"CameraSensor.GetCompressedObservation":{"count":131112,"self":13.428675199999999,"total":13.428674899999999,"children":null},"RayPerceptionSensor.Perceive":{"count":262224,"self":0.3687379,"total":0.3687379,"children":null}}}}}}}}},"DecideAction":{"count":655559,"self":2370.4766464,"total":2370.4765571,"children":null},"AgentAct":{"count":655559,"self":2.0329208,"total":2.0329207,"children":null},"AgentInfo.ToProto":{"count":691,"self":0.0077221,"total":0.0901821,"children":{"GenerateSensorData":{"count":691,"self":0.018524,"total":0.082459999999999992,"children":{"CameraSensor.GetCompressedObservation":{"count":691,"self":0.061321799999999996,"total":0.061321799999999996,"children":null},"RayPerceptionSensor.Perceive":{"count":1382,"self":0.0026141999999999997,"total":0.0026141999999999997,"children":null}}}}}},"gauges":{"FoxAgent.CumulativeReward":{"count":379,"max":133.765076,"min":94.591,"runningAverage":103.256981,"value":98.79991,"weightedAverage":104.380562}},"metadata":{"timer_format_version":"0.1.0","start_time_seconds":"1761251569","unity_version":"6000.0.60f1","command_line_arguments":"C:\\Program Files\\Unity\\Hub\\Editor\\6000.0.60f1-x86_64\\Editor\\Unity.exe -projectpath C:\\Users\\cemka\\Desktop\\Ai_for_games_proj -acceptSoftwareTermsForThisRunOnly -useHub -hubIPC -cloudEnvironment production","communication_protocol_version":"1.5.0","com.unity.ml-agents_version":"4.0.0","scene_name":"Level 1","end_time_seconds":"1761254790"}}