{"count":1,"self":7124.4505088,"total":39190.030244099995,"children":{"InitializeActuators":{"count":16,"self":0.0010313,"total":0.0010313,"children":null},"InitializeSensors":{"count":16,"self":0.013816,"total":0.013816,"children":null},"AgentSendState":{"count":1589652,"self":1534.0316672,"total":2843.6495348999997,"children":{"CollectObservations":{"count":1589652,"self":25.229270399999997,"total":25.2292702,"children":null},"WriteActionMask":{"count":1589652,"self":0.98673009999999994,"total":0.98673009999999994,"children":null},"RequestDecision":{"count":1589652,"self":6.6390135999999993,"total":1283.4018448,"children":{"AgentInfo.ToProto":{"count":1589652,"self":5.5811832,"total":1276.7628313,"children":{"GenerateSensorData":{"count":1589652,"self":45.680492799999996,"total":1271.1816482,"children":{"RayPerceptionSensor.Perceive":{"count":3179304,"self":3.181664,"total":3.1816638999999998,"children":null},"RenderTextureSensor.GetCompressedObservation":{"count":1589652,"self":1222.3195136,"total":1222.3194909,"children":null}}}}}}}}},"DecideAction":{"count":1589652,"self":29216.489471999997,"total":29216.4882665,"children":null},"AgentAct":{"count":1589652,"self":4.5675624,"total":4.5675621999999994,"children":null},"AgentInfo.ToProto":{"count":1042,"self":0.0025377999999999998,"total":0.85865379999999991,"children":{"GenerateSensorData":{"count":1042,"self":0.024857999999999998,"total":0.856116,"children":{"RayPerceptionSensor.Perceive":{"count":2084,"self":0.0005116,"total":0.0005116,"children":null},"RenderTextureSensor.GetCompressedObservation":{"count":1042,"self":0.8307464,"total":0.8307464,"children":null}}}}}},"gauges":{"FoxAgent.CumulativeReward":{"count":1042,"max":779.6571,"min":-202.973969,"runningAverage":-154.864182,"value":-102.999962,"weightedAverage":-176.483337}},"metadata":{"timer_format_version":"0.1.0","start_time_seconds":"1761784755","unity_version":"6000.0.60f1","command_line_arguments":"C:\\Program Files\\Unity\\Hub\\Editor\\6000.0.60f1\\Editor\\Unity.exe -projectpath Y:\\Drive\\My_Drive\\folder\\UU\\Ai_for_games_proj -acceptSoftwareTermsForThisRunOnly -useHub -hubIPC -cloudEnvironment production","communication_protocol_version":"1.5.0","com.unity.ml-agents_version":"4.0.0","scene_name":"Level 2","end_time_seconds":"1761823945"}}