{"count":1,"self":13498.860339199999,"total":43280.8337072,"children":{"InitializeActuators":{"count":33186,"self":0.2840164,"total":0.2840164,"children":null},"InitializeSensors":{"count":33186,"self":3.0291799999999998,"total":3.0291799,"children":null},"AgentSendState":{"count":9026204,"self":4308.6999552,"total":4577.0644280999995,"children":{"CollectObservations":{"count":1805241,"self":45.054329599999996,"total":45.0543282,"children":null},"WriteActionMask":{"count":1805241,"self":1.0050196,"total":1.0050196,"children":null},"RequestDecision":{"count":1805241,"self":6.9486951999999995,"total":222.30530349999998,"children":{"AgentInfo.ToProto":{"count":1805241,"self":5.7911611999999995,"total":215.35660819999998,"children":{"GenerateSensorData":{"count":1805241,"self":29.2407808,"total":209.56544699999998,"children":{"CameraSensor.GetCompressedObservation":{"count":1805241,"self":176.8356224,"total":176.83562849999998,"children":null},"RayPerceptionSensor.Perceive":{"count":3610482,"self":3.4890383999999997,"total":3.4890383999999997,"children":null}}}}}}}}},"DecideAction":{"count":9026204,"self":25175.128473599998,"total":25175.1288535,"children":null},"AgentAct":{"count":9026204,"self":18.9915728,"total":18.9915725,"children":null},"AgentInfo.ToProto":{"count":57552,"self":0.26585729999999996,"total":7.4745669999999995,"children":{"GenerateSensorData":{"count":57552,"self":1.0333367,"total":7.2087097,"children":{"CameraSensor.GetCompressedObservation":{"count":57552,"self":6.0505064,"total":6.0505062999999994,"children":null},"RayPerceptionSensor.Perceive":{"count":115104,"self":0.1248667,"total":0.1248667,"children":null}}}}}},"gauges":{"FoxAgent.CumulativeReward":{"count":29737,"max":139.806976,"min":93.68999,"runningAverage":109.351913,"value":109.800415,"weightedAverage":110.114861}},"metadata":{"timer_format_version":"0.1.0","start_time_seconds":"1761259158","unity_version":"6000.0.60f1","command_line_arguments":"C:\\Program Files\\Unity\\Hub\\Editor\\6000.0.60f1\\Editor\\Unity.exe -projectpath Y:\\Drive\\My_Drive\\folder\\UU\\Ai_for_games_proj -acceptSoftwareTermsForThisRunOnly -useHub -hubIPC -cloudEnvironment production","communication_protocol_version":"1.5.0","com.unity.ml-agents_version":"4.0.0","scene_name":"Level 1","end_time_seconds":"1761302438"}}