{"count":1,"self":5501.2032512,"total":25341.127087599998,"children":{"InitializeActuators":{"count":7,"self":0.0010406,"total":0.0010406,"children":null},"InitializeSensors":{"count":7,"self":0.0088434999999999989,"total":0.0088434999999999989,"children":null},"AgentSendState":{"count":1143706,"self":1337.591808,"total":2316.5521228,"children":{"CollectObservations":{"count":1143706,"self":19.1116256,"total":19.1116255,"children":null},"WriteActionMask":{"count":1143706,"self":0.737016,"total":0.737016,"children":null},"RequestDecision":{"count":1143706,"self":5.1821668,"total":959.11162219999994,"children":{"AgentInfo.ToProto":{"count":1143706,"self":4.5510868,"total":953.92945539999994,"children":{"GenerateSensorData":{"count":1143706,"self":31.7543872,"total":949.37836859999993,"children":{"RayPerceptionSensor.Perceive":{"count":2287412,"self":2.0015212,"total":2.0015212,"children":null},"RenderTextureSensor.GetCompressedObservation":{"count":1143706,"self":915.62250239999992,"total":915.6224599,"children":null}}}}}}}}},"DecideAction":{"count":1143706,"self":17517.771161599998,"total":17517.7703624,"children":null},"AgentAct":{"count":1143706,"self":4.5581312,"total":4.5581312999999994,"children":null},"AgentInfo.ToProto":{"count":1258,"self":0.0015363999999999998,"total":1.0328182,"children":{"GenerateSensorData":{"count":1258,"self":0.0213685,"total":1.0312818,"children":{"RayPerceptionSensor.Perceive":{"count":2516,"self":0.0040333999999999995,"total":0.0040333999999999995,"children":null},"RenderTextureSensor.GetCompressedObservation":{"count":1258,"self":1.0058799,"total":1.0058799,"children":null}}}}}},"gauges":{"FoxAgent.CumulativeReward":{"count":1257,"max":702.9994,"min":-227.579712,"runningAverage":-187.366974,"value":-102.999962,"weightedAverage":-150.087524}},"metadata":{"timer_format_version":"0.1.0","start_time_seconds":"1761702109","unity_version":"6000.0.60f1","command_line_arguments":"C:\\Program Files\\Unity\\Hub\\Editor\\6000.0.60f1\\Editor\\Unity.exe -projectpath Y:\\Drive\\My_Drive\\folder\\UU\\Ai_for_games_proj -acceptSoftwareTermsForThisRunOnly -useHub -hubIPC -cloudEnvironment production","communication_protocol_version":"1.5.0","com.unity.ml-agents_version":"4.0.0","scene_name":"Level 2","end_time_seconds":"1761727450"}}