{"count":1,"self":48.672784,"total":94.5060244,"children":{"InitializeActuators":{"count":3,"self":0.0010245999999999999,"total":0.0010245999999999999,"children":null},"InitializeSensors":{"count":3,"self":0.0065997999999999994,"total":0.0065997999999999994,"children":null},"AgentSendState":{"count":4440,"self":3.4135184,"total":3.5006226999999996,"children":{"CollectObservations":{"count":4440,"self":0.067336399999999991,"total":0.067336399999999991,"children":null},"WriteActionMask":{"count":4440,"self":0.0020055999999999997,"total":0.0020055999999999997,"children":null},"RequestDecision":{"count":4440,"self":0.017762299999999998,"total":0.017762299999999998,"children":null}}},"DecideAction":{"count":4440,"self":37.9285792,"total":42.2978745,"children":{"RayPerceptionSensor.Perceive":{"count":8880,"self":0.059450899999999994,"total":0.059450899999999994,"children":null},"RenderTextureSensor.Write":{"count":4440,"self":4.309844,"total":4.3098439,"children":null}}},"AgentAct":{"count":4440,"self":0.0265834,"total":0.0265834,"children":null}},"gauges":{},"metadata":{"timer_format_version":"0.1.0","start_time_seconds":"1762059091","unity_version":"6000.0.60f1","command_line_arguments":"C:\\Program Files\\Unity\\Hub\\Editor\\6000.0.60f1\\Editor\\Unity.exe -projectpath W:\\Google_drive\\sync\\UU\\2_1\\Ai_for_games\\proj\\Ai_game_project -acceptSoftwareTermsForThisRunOnly -useHub -hubIPC -cloudEnvironment production","communication_protocol_version":"1.5.0","com.unity.ml-agents_version":"4.0.0","scene_name":"Level 3","end_time_seconds":"1762059186"}}