{"count":1,"self":1600.4918272,"total":50493.303125399994,"children":{"InitializeActuators":{"count":1336,"self":0.0127285,"total":0.0127285,"children":null},"InitializeSensors":{"count":1336,"self":0.6699345,"total":0.6699345,"children":null},"AgentSendState":{"count":2891868,"self":3619.1629312,"total":6431.1089901999994,"children":{"CollectObservations":{"count":2891868,"self":65.7834368,"total":65.7834397,"children":null},"WriteActionMask":{"count":2891868,"self":1.2987541,"total":1.2987541,"children":null},"RequestDecision":{"count":2891868,"self":9.2455968,"total":2744.8639123999997,"children":{"AgentInfo.ToProto":{"count":2891868,"self":8.1931504,"total":2735.6183155999997,"children":{"GenerateSensorData":{"count":2891868,"self":79.2254208,"total":2727.4251651,"children":{"RayPerceptionSensor.Perceive":{"count":5783736,"self":5.5638831999999994,"total":5.563883,"children":null},"RenderTextureSensor.GetCompressedObservation":{"count":2891868,"self":2642.635776,"total":2642.6358612999998,"children":null}}}}}}}}},"DecideAction":{"count":2891868,"self":42445.458636799995,"total":42445.457586699995,"children":null},"AgentAct":{"count":2891868,"self":10.008516799999999,"total":10.008517,"children":null},"AgentInfo.ToProto":{"count":5877,"self":0.022844,"total":5.5520178,"children":{"GenerateSensorData":{"count":5877,"self":0.25587519999999997,"total":5.5291738,"children":{"RayPerceptionSensor.Perceive":{"count":11754,"self":0.013682099999999999,"total":0.013682099999999999,"children":null},"RenderTextureSensor.GetCompressedObservation":{"count":5877,"self":5.2596164,"total":5.2596165,"children":null}}}}}},"gauges":{"FoxAgent.CumulativeReward":{"count":4620,"max":2359.92578,"min":-226.230225,"runningAverage":337.5185,"value":124.240387,"weightedAverage":218.087677}},"metadata":{"timer_format_version":"0.1.0","start_time_seconds":"1761517943","unity_version":"6000.0.60f1","command_line_arguments":"C:\\Program Files\\Unity\\Hub\\Editor\\6000.0.60f1\\Editor\\Unity.exe -projectpath Y:\\Drive\\My_Drive\\folder\\UU\\Ai_for_games_proj -acceptSoftwareTermsForThisRunOnly -useHub -hubIPC -cloudEnvironment production","communication_protocol_version":"1.5.0","com.unity.ml-agents_version":"4.0.0","scene_name":"Level 1","end_time_seconds":"1761568436"}}