{"count":1,"self":204.3107712,"total":740.2405956,"children":{"InitializeActuators":{"count":1,"self":0.0015133,"total":0.0015133,"children":null},"InitializeSensors":{"count":1,"self":0.0010000999999999999,"total":0.0010000999999999999,"children":null},"AgentSendState":{"count":414501,"self":15.6505408,"total":19.803992299999997,"children":{"CollectObservations":{"count":82901,"self":0.3518462,"total":0.3518462,"children":null},"WriteActionMask":{"count":82901,"self":0.13755979999999998,"total":0.13755979999999998,"children":null},"RequestDecision":{"count":82901,"self":0.5984305,"total":3.6640452999999997,"children":{"AgentInfo.ToProto":{"count":82901,"self":0.4532187,"total":3.0656147999999996,"children":{"GenerateSensorData":{"count":82901,"self":1.81767,"total":2.6123960999999998,"children":{"RayPerceptionSensor.Perceive":{"count":165802,"self":0.79472619999999994,"total":0.79472619999999994,"children":null}}}}}}}}},"DecideAction":{"count":414501,"self":515.009536,"total":515.00955879999992,"children":null},"AgentAct":{"count":414501,"self":1.0698585,"total":1.0698585,"children":null},"AgentInfo.ToProto":{"count":1086,"self":0.0091165,"total":0.0439006,"children":{"GenerateSensorData":{"count":1086,"self":0.027380099999999997,"total":0.0347841,"children":{"RayPerceptionSensor.Perceive":{"count":2172,"self":0.007404,"total":0.007404,"children":null}}}}}},"gauges":{"platform_agent.CumulativeReward":{"count":1086,"max":1.98700023,"min":-4.211959,"runningAverage":-0.767311,"value":-1.30799961,"weightedAverage":-0.221943691}},"metadata":{"timer_format_version":"0.1.0","start_time_seconds":"1758753543","unity_version":"6000.0.58f1","command_line_arguments":"C:\\Program Files\\Unity\\Hub\\Editor\\6000.0.58f1\\Editor\\Unity.exe -projectpath W:\\Google_drive\\Sync\\UU\\2_1\\Ai_for_game\\proj\\Ai_game_project -acceptSoftwareTermsForThisRunOnly -useHub -hubIPC -cloudEnvironment production","communication_protocol_version":"1.5.0","com.unity.ml-agents_version":"4.0.0","scene_name":"MovementTest","end_time_seconds":"1758754283"}}